<?xml version="1.0" encoding="utf-8"?>
<odoo>
    <!-- Security Groups -->
    <record id="group_work_order_user" model="res.groups">
        <field name="name">Work Order User</field>
        <field name="category_id" ref="base.module_category_services"/>
        <field name="implied_ids" eval="[(4, ref('base.group_user'))]"/>
    </record>

    <record id="group_work_order_manager" model="res.groups">
        <field name="name">Work Order Manager</field>
        <field name="category_id" ref="base.module_category_services"/>
        <field name="implied_ids" eval="[(4, ref('group_work_order_user'))]"/>
        <field name="users" eval="[(4, ref('base.user_root')), (4, ref('base.user_admin'))]"/>
    </record>

    <!-- Access Rights (ir.model.access.csv) -->
    <data noupdate="0">
        <!-- Work Order -->
        <record id="access_vehicle_work_order_user" model="ir.model.access">
            <field name="name">vehicle.work.order.user</field>
            <field name="model_id" ref="model_simply_vehicle_work_order"/>
            <field name="group_id" ref="group_work_order_user"/>
            <field name="perm_read" eval="1"/>
            <field name="perm_write" eval="1"/>
            <field name="perm_create" eval="1"/>
            <field name="perm_unlink" eval="0"/>
        </record>

        <record id="access_vehicle_work_order_manager" model="ir.model.access">
            <field name="name">vehicle.work.order.manager</field>
            <field name="model_id" ref="model_simply_vehicle_work_order"/>
            <field name="group_id" ref="group_work_order_manager"/>
            <field name="perm_read" eval="1"/>
            <field name="perm_write" eval="1"/>
            <field name="perm_create" eval="1"/>
            <field name="perm_unlink" eval="1"/>
        </record>

        <!-- Work Order Line -->
        <record id="access_vehicle_work_order_line_user" model="ir.model.access">
            <field name="name">vehicle.work.order.line.user</field>
            <field name="model_id" ref="model_simply_vehicle_work_order_line"/>
            <field name="group_id" ref="group_work_order_user"/>
            <field name="perm_read" eval="1"/>
            <field name="perm_write" eval="1"/>
            <field name="perm_create" eval="1"/>
            <field name="perm_unlink" eval="1"/>
        </record>

        <!-- Work Order Part Line -->
        <record id="access_vehicle_work_order_part_line_user" model="ir.model.access">
            <field name="name">vehicle.work.order.part.line.user</field>
            <field name="model_id" ref="model_simply_vehicle_work_order_part_line"/>
            <field name="group_id" ref="group_work_order_user"/>
            <field name="perm_read" eval="1"/>
            <field name="perm_write" eval="1"/>
            <field name="perm_create" eval="1"/>
            <field name="perm_unlink" eval="1"/>
        </record>
    </data>

    <!-- Record Rules -->
    <data noupdate="1">
        <record id="rule_work_order_user_own" model="ir.rule">
            <field name="name">Users can only see their own work orders</field>
            <field name="model_id" ref="model_simply_vehicle_work_order"/>
            <field name="domain_force">[('technician_id','=',user.id)]</field>
            <field name="groups" eval="[(4, ref('group_work_order_user'))]"/>
            <field name="perm_read" eval="1"/>
            <field name="perm_write" eval="1"/>
            <field name="perm_create" eval="1"/>
            <field name="perm_unlink" eval="0"/>
        </record>

        <record id="rule_work_order_manager_all" model="ir.rule">
            <field name="name">Managers can see all work orders</field>
            <field name="model_id" ref="model_simply_vehicle_work_order"/>
            <field name="domain_force">[(1,'=',1)]</field>
            <field name="groups" eval="[(4, ref('group_work_order_manager'))]"/>
        </record>
    </data>
</odoo>
