<?xml version="1.0" encoding="utf-8"?>
<odoo>
    <data noupdate="1">
        <!-- Cron job to sync call logs -->
        <record id="ir_cron_myoperator_sync_calls" model="ir.cron">
            <field name="name">MyOperator: Sync Call Logs</field>
            <field name="model_id" ref="model_myoperator_config"/>
            <field name="state">code</field>
            <field name="code">model._cron_sync_calls()</field>
            <field name="user_id" ref="base.user_root"/>
            <field name="interval_number">1</field>
            <field name="interval_type">hours</field>
            <field name="numbercall">-1</field>
            <field name="doall" eval="False"/>
            <field name="active" eval="True"/>
        </record>

        <!-- Cron job to sync WhatsApp messages -->
        <record id="ir_cron_myoperator_sync_messages" model="ir.cron">
            <field name="name">MyOperator: Sync WhatsApp Messages</field>
            <field name="model_id" ref="model_myoperator_config"/>
            <field name="state">code</field>
            <field name="code">model._cron_sync_messages()</field>
            <field name="user_id" ref="base.user_root"/>
            <field name="interval_number">1</field>
            <field name="interval_type">hours</field>
            <field name="numbercall">-1</field>
            <field name="doall" eval="False"/>
            <field name="active" eval="True"/>
        </record>
    </data>
</odoo>