<?xml version="1.0" encoding="utf-8"?>
<odoo>
    <data noupdate="0">
        <!-- Server action for diagnostic test -->
        <record id="action_server_myoperator_diagnostic" model="ir.actions.server">
            <field name="name">Diagnostic Test</field>
            <field name="model_id" ref="model_myoperator_config"/>
            <field name="binding_model_id" ref="model_myoperator_config"/>
            <field name="binding_view_types">form</field>
            <field name="state">code</field>
            <field name="code">
# Get active record
record = records and records[0] or False
if record:
    # Format base URL
    api_url = record.api_url
    if not api_url.startswith(('http://', 'https://')):
        api_url = 'https://' + api_url.lstrip('://')
    api_url = api_url.rstrip('/')
    
    # Get token
    api_token = record.api_token
    
    # Set up message
    message = "Starting diagnostic test for MyOperator API...\n\n"
    
    # List of endpoints to test
    endpoints = ['/filters', '/logs', '/whatsapp/messages']
    
    # Test each endpoint
    import requests
    import json
    
    results = []
    for endpoint in endpoints:
        try:
            url = f"{api_url}{endpoint}?token={api_token}"
            response = requests.get(url, timeout=10)
            
            # Store status code
            status = response.status_code
            
            # Try to parse JSON if applicable
            try:
                if response.text.strip():
                    data = response.json()
                    json_valid = True
                else:
                    data = "Empty response"
                    json_valid = False
            except json.JSONDecodeError:
                data = "Invalid JSON"
                json_valid = False
            
            results.append({
                'endpoint': endpoint,
                'status': status,
                'json_valid': json_valid,
                'content': response.text[:100] + '...' if len(response.text) > 100 else response.text
            })
        except Exception as e:
            results.append({
                'endpoint': endpoint,
                'status': 'Error',
                'json_valid': False,
                'content': str(e)
            })
    
    # Construct diagnostic information
    diagnostic = f"API URL: {api_url}\n\nEndpoint Test Results:\n"
    for result in results:
        diagnostic += f"\n{result['endpoint']}:\n  Status: {result['status']}\n  JSON Valid: {result['json_valid']}\n  Response: {result['content']}\n"
    
    # Write to record
    record.write({
        'last_error': diagnostic,
        'last_checked': fields.Datetime.now(),
    })
    
    # Return notification
    action = {
        'type': 'ir.actions.client',
        'tag': 'display_notification',
        'params': {
            'title': 'Diagnostic Test',
            'message': 'Diagnostic test completed. Check the Error Log tab for details.',
            'sticky': True,
            'type': 'info',
        }
    }
else:
    action = {
        'type': 'ir.actions.client',
        'tag': 'display_notification',
        'params': {
            'title': 'Error',
            'message': 'No configuration selected',
            'sticky': False,
            'type': 'warning',
        }
    }
            </field>
        </record>
    </data>
</odoo>