<?xml version="1.0" encoding="utf-8"?>
<odoo>
    <data noupdate="1">
        <record id="ir_cron_update_document_expiry" model="ir.cron">
            <field name="name">Update Document Expiry Status</field>
            <field name="model_id" ref="model_simply_fleet_document"/>
            <field name="state">code</field>
            <field name="code">model._update_document_expiry_status()</field>
            <field name="interval_number">1</field>
            <field name="interval_type">days</field>
            <field name="numbercall">-1</field>
            <field name="active">True</field>
        </record>
    </data>
</odoo>
