<?xml version="1.0" encoding="utf-8"?>
<odoo>
    <data noupdate="1">
        <!-- Email template for document reminders -->
        <record id="email_template_document_reminder" model="mail.template">
            <field name="name">Vehicle Document: Reminder</field>
            <field name="model_id" ref="model_simply_fleet_document"/>
            <field name="subject">Document Expiring Soon: {{ object.name }}</field>
            <field name="email_from">{{ user.email_formatted }}</field>
            <field name="partner_to">{{ user.partner_id.id }}</field>
            <field name="body_html" type="html">
                <div style="margin: 0px; padding: 0px;">
                    <p>Hello,</p>
                    <p>This is a reminder that the following vehicle document will expire soon:</p>
                    <ul>
                        <li>Document: {{ object.name }}</li>
                        <li>Vehicle: {{ object.vehicle_id.name }}</li>
                        <li>Type: {{ object.document_type }}</li>
                        <li>Expiry Date: {{ object.expiry_date }}</li>
                        <li>Days Remaining: {{ object.days_to_expire }}</li>
                    </ul>
                    <p>Please take necessary action to renew this document.</p>
                    <br/>
                    <p>Best regards,</p>
                </div>
            </field>
            <field name="lang">{{ object.create_uid.lang }}</field>
        </record>
    </data>
</odoo>
