<?xml version="1.0" encoding="utf-8"?>
<odoo>
    <!-- Define security groups if needed -->
    <record id="group_uniform_user" model="res.groups">
        <field name="name">Uniform User</field>
        <field name="category_id" ref="base.module_category_human_resources_employees"/>
        <field name="implied_ids" eval="[(4, ref('base.group_user'))]"/>
    </record>
    
    <record id="group_uniform_manager" model="res.groups">
        <field name="name">Uniform Manager</field>
        <field name="category_id" ref="base.module_category_human_resources_employees"/>
        <field name="implied_ids" eval="[(4, ref('group_uniform_user'))]"/>
        <field name="users" eval="[(4, ref('base.user_admin'))]"/>
    </record>
</odoo>
