<?xml version="1.0" encoding="utf-8"?>
<odoo>
    <data noupdate="1">
        <!-- MyOperator Manager Group -->
        <record id="group_myoperator_manager" model="res.groups">
            <field name="name">MyOperator Manager</field>
            <field name="category_id" ref="base.module_category_hidden"/>
            <field name="implied_ids" eval="[(4, ref('base.group_user'))]"/>
            <field name="users" eval="[(4, ref('base.user_root')), (4, ref('base.user_admin'))]"/>
        </record>

        <!-- MyOperator User Group -->
        <record id="group_myoperator_user" model="res.groups">
            <field name="name">MyOperator User</field>
            <field name="category_id" ref="base.module_category_hidden"/>
            <field name="implied_ids" eval="[(4, ref('base.group_user'))]"/>
        </record>

        <!-- Record Rules -->
        <!-- Configuration: Only managers can create/modify -->
        <record id="rule_myoperator_config_manager" model="ir.rule">
            <field name="name">MyOperator Configuration: Managers Only</field>
            <field name="model_id" ref="model_myoperator_config"/>
            <field name="domain_force">[(1, '=', 1)]</field>
            <field name="groups" eval="[(4, ref('group_myoperator_manager'))]"/>
            <field name="perm_read" eval="True"/>
            <field name="perm_write" eval="True"/>
            <field name="perm_create" eval="True"/>
            <field name="perm_unlink" eval="True"/>
        </record>

        <!-- Configuration: Users can only read -->
        <record id="rule_myoperator_config_user" model="ir.rule">
            <field name="name">MyOperator Configuration: Users Read Only</field>
            <field name="model_id" ref="model_myoperator_config"/>
            <field name="domain_force">[(1, '=', 1)]</field>
            <field name="groups" eval="[(4, ref('group_myoperator_user'))]"/>
            <field name="perm_read" eval="True"/>
            <field name="perm_write" eval="False"/>
            <field name="perm_create" eval="False"/>
            <field name="perm_unlink" eval="False"/>
        </record>

        <!-- Call Logs: Company Based Access -->
        <record id="rule_myoperator_call_company" model="ir.rule">
            <field name="name">MyOperator Call Logs: Multi-Company</field>
            <field name="model_id" ref="model_myoperator_call"/>
            <field name="domain_force">['|', ('company_id', '=', False), ('company_id', 'in', company_ids)]</field>
            <field name="global" eval="True"/>
        </record>

        <!-- Messages: Company Based Access -->
        <record id="rule_myoperator_message_company" model="ir.rule">
            <field name="name">MyOperator Messages: Multi-Company</field>
            <field name="model_id" ref="model_myoperator_message"/>
            <field name="domain_force">['|', ('company_id', '=', False), ('company_id', 'in', company_ids)]</field>
            <field name="global" eval="True"/>
        </record>
    </data>
</odoo>